frame,type,left,reference,left_label,reference_label,iou
adasind_152940.jpg,mismatching_attributes,4,1,Bike,Bike,0.815
adasind_152940.jpg,mismatching_label,3,5,ThreeWheeler,Truck,0.664
adasind_152940.jpg,missing_annotation,,6,,ThreeWheeler,N/A
adasind_167700.jpg,mismatching_label,2,4,Truck,Car,0.786
adasind_167700.jpg,mismatching_label,1,3,Bike,Pedestrian,0.557
adasind_167700.jpg,extra_annotation,6,,Bike,,N/A
adasind_167700.jpg,missing_annotation,,1,,Pedestrian,N/A
adasind_167700.jpg,missing_annotation,,2,,Bike,N/A
adasind_167700.jpg,missing_annotation,,5,,Bike,N/A
adasind_167700.jpg,missing_annotation,,9,,Bike,N/A
adasind_212280.jpg,missing_annotation,,2,,Bike,N/A
