round,slice,frame,object_ref,cell,what,why,severity,owner,rule_id,evidence,action,rules_version,note
calib,C0,adasind_019560.jpg,L5+R2,na,WRONG_CLASS,,,,,,,,
calib,C0,adasind_019560.jpg,L6,na,SPURIOUS,,,,,,,,
r2_qa,B4-edge,adasind_236370.jpg,L1,L_only,STRUCTURE,,,,R03,submission/r2_qa/qa_overlay.html,,v1.0.0,Pedestrian cạnh xe hai bánh nhưng thiếu cấu trúc Bike theo R03
r2_qa,B4-edge,adasind_258420.jpg,L1+L3,L_only,DUPLICATE,,,,R03,submission/r2_qa/qa_overlay.html,,v1.0.0,Rider và xe hai bánh bị tách thành hai box chồng nhau
r2_qa,B4-edge,adasind_258420.jpg,L2,L_only,ATTRIBUTE,,,,R10,submission/r2_qa/qa_overlay.html,,v1.0.0,edge_zone false nhưng tâm box thuộc edge với r/R khoảng 0.605
r2_qa,B4-edge,adasind_310008.jpg,L1,L_only,ATTRIBUTE,,,,R10,submission/r2_qa/qa_overlay.html,,v1.0.0,edge_zone false nhưng tâm box thuộc edge với r/R khoảng 0.71
r2_qa,B4-edge,adasind_310008.jpg,L2,L_only,ATTRIBUTE,,,,R10,submission/r2_qa/qa_overlay.html,,v1.0.0,edge_zone false nhưng tâm box thuộc edge với r/R khoảng 0.73
r2_qa,B4-edge,adasind_310008.jpg,L4,L_only,ATTRIBUTE,,,,R10,submission/r2_qa/qa_overlay.html,,v1.0.0,edge_zone false nhưng tâm box thuộc edge với r/R khoảng 0.61
r2_qa,B4-edge,adasind_310008.jpg,L5,L_only,ATTRIBUTE,,,,R10,submission/r2_qa/qa_overlay.html,,v1.0.0,edge_zone false nhưng tâm box thuộc edge với r/R khoảng 0.67
r1_craft,B3-center,adasind_152940.jpg,L3+R5,na,WRONG_CLASS,,,,,,,,
r1_craft,B3-center,adasind_152940.jpg,R6,na,MISSING,,,,,,,,
r1_craft,B3-center,adasind_167700.jpg,L5,na,IGNORE_SCOPE,,,,,,,,
r1_craft,B3-center,adasind_167700.jpg,L1+R3,na,WRONG_CLASS,,,,,,,,
r1_craft,B3-center,adasind_167700.jpg,L2+R4,na,WRONG_CLASS,,,,,,,,
r1_craft,B3-center,adasind_167700.jpg,L6+R5,na,BOX_GEOMETRY,,,,,,,,
r1_craft,B3-center,adasind_167700.jpg,R1,na,MISSING,,,,,,,,
r1_craft,B3-center,adasind_167700.jpg,R2,na,MISSING,,,,,,,,
r1_craft,B3-center,adasind_167700.jpg,R9,na,MISSING,,,,,,,,
r1_craft,B3-center,adasind_212280.jpg,R2,na,MISSING,,,,,,,,
r3_diag,B3-center,adasind_152940.jpg,L5+R3,LR_noM,MISSING,E4_model_domain,P2,ai_team,R01,submission/r3_diag/model_compare.html,keep_with_reason,v1.0.0,Learner va reference cung co Truck nhung model bo sot
r3_diag,B3-center,adasind_152940.jpg,L3,L_only,SPURIOUS,E1_annotator_error,P1,annotator,R04,submission/r3_diag/local_quality_conflicts.csv,rework,v1.0.0,Box learner gan ThreeWheeler nhung reference la Truck
r3_diag,B3-center,adasind_152940.jpg,R5+M9,RM_noL,MISSING,E1_annotator_error,P1,annotator,R04,submission/r3_diag/model_compare.html,rework,v1.0.0,Reference va model dong y Truck con learner gan sai lop
r3_diag,B3-center,adasind_152940.jpg,R6,R_only,MISSING,E1_annotator_error,P1,annotator,R01,submission/r3_diag/model_compare.html,rework,v1.0.0,Learner bo sot ThreeWheeler nho o vung mid
r3_diag,B3-center,adasind_152940.jpg,M3,M_only,SPURIOUS,E4_model_domain,P2,ai_team,R01,submission/r3_diag/model_compare.html,keep_with_reason,v1.0.0,Model sinh box ngoai reference o vung edge
r3_diag,B3-center,adasind_152940.jpg,M4,M_only,SPURIOUS,E4_model_domain,P2,ai_team,R01,submission/r3_diag/model_compare.html,keep_with_reason,v1.0.0,Model sinh box ngoai reference o vung mid
r3_diag,B3-center,adasind_152940.jpg,M7,M_only,SPURIOUS,E4_model_domain,P2,ai_team,R01,submission/r3_diag/model_compare.html,keep_with_reason,v1.0.0,Model sinh box ngoai reference o vung center
r3_diag,B3-center,adasind_152940.jpg,M8,M_only,SPURIOUS,E4_model_domain,P2,ai_team,R01,submission/r3_diag/model_compare.html,keep_with_reason,v1.0.0,Model sinh box ngoai reference o vung center
r3_diag,B3-center,adasind_167700.jpg,L7+R6,LR_noM,MISSING,E4_model_domain,P2,ai_team,R01,submission/r3_diag/model_compare.html,keep_with_reason,v1.0.0,Learner va reference cung co ThreeWheeler o edge nhung model bo sot
r3_diag,B3-center,adasind_167700.jpg,L3+R7,LR_noM,MISSING,E4_model_domain,P2,ai_team,R01,submission/r3_diag/model_compare.html,keep_with_reason,v1.0.0,Learner va reference cung co Truck nhung model bo sot
r3_diag,B3-center,adasind_167700.jpg,L1,L_only,SPURIOUS,E1_annotator_error,P1,annotator,R03,submission/r3_diag/local_quality_conflicts.csv,rework,v1.0.0,Learner gan Bike cho doi tuong reference la Pedestrian
r3_diag,B3-center,adasind_167700.jpg,L2,L_only,SPURIOUS,E1_annotator_error,P1,annotator,R04,submission/r3_diag/local_quality_conflicts.csv,rework,v1.0.0,Learner gan Truck cho doi tuong reference la Car
r3_diag,B3-center,adasind_167700.jpg,L6,L_only,SPURIOUS,E1_annotator_error,P1,annotator,R02,submission/r3_diag/local_quality_conflicts.csv,rework,v1.0.0,Box Bike cua learner qua rong va khong dat nguong IoU
r3_diag,B3-center,adasind_167700.jpg,R1+M1,RM_noL,MISSING,E1_annotator_error,P1,annotator,R01,submission/r3_diag/model_compare.html,rework,v1.0.0,Learner bo sot Pedestrian ma reference va model cung thay
r3_diag,B3-center,adasind_167700.jpg,R2+M7,RM_noL,MISSING,E1_annotator_error,P1,annotator,R01,submission/r3_diag/model_compare.html,rework,v1.0.0,Learner bo sot Bike ma reference va model cung thay
r3_diag,B3-center,adasind_167700.jpg,R3+M3,RM_noL,MISSING,E1_annotator_error,P1,annotator,R03,submission/r3_diag/model_compare.html,rework,v1.0.0,Learner gan sai Bike thay vi Pedestrian
r3_diag,B3-center,adasind_167700.jpg,R4+M4,RM_noL,MISSING,E1_annotator_error,P1,annotator,R04,submission/r3_diag/model_compare.html,rework,v1.0.0,Learner gan sai Truck thay vi Car
r3_diag,B3-center,adasind_167700.jpg,R5+M6,RM_noL,MISSING,E1_annotator_error,P1,annotator,R02,submission/r3_diag/model_compare.html,rework,v1.0.0,Box Bike cua learner sai hinh hoc nen khong ghep duoc
r3_diag,B3-center,adasind_167700.jpg,R9,R_only,MISSING,E1_annotator_error,P1,annotator,R01,submission/r3_diag/model_compare.html,rework,v1.0.0,Learner bo sot Bike nho o vung mid
r3_diag,B3-center,adasind_167700.jpg,M5,M_only,SPURIOUS,E4_model_domain,P2,ai_team,R01,submission/r3_diag/model_compare.html,keep_with_reason,v1.0.0,Model sinh box ngoai reference o vung mid
r3_diag,B3-center,adasind_167700.jpg,M8,M_only,SPURIOUS,E4_model_domain,P2,ai_team,R01,submission/r3_diag/model_compare.html,keep_with_reason,v1.0.0,Model sinh box ngoai reference o vung mid
r3_diag,B3-center,adasind_212280.jpg,L2+R3,LR_noM,MISSING,E4_model_domain,P2,ai_team,R01,submission/r3_diag/model_compare.html,keep_with_reason,v1.0.0,Learner va reference cung co Bus o edge nhung model bo sot
r3_diag,B3-center,adasind_212280.jpg,R2+M2,RM_noL,MISSING,E1_annotator_error,P1,annotator,R01,submission/r3_diag/model_compare.html,rework,v1.0.0,Learner bo sot Bike ma reference va model cung thay
r3_diag,B3-center,adasind_212280.jpg,M3,M_only,SPURIOUS,E4_model_domain,P2,ai_team,R01,submission/r3_diag/model_compare.html,keep_with_reason,v1.0.0,Model sinh box ngoai reference o vung center
r3_diag,B3-center,adasind_212280.jpg,M5,M_only,SPURIOUS,E4_model_domain,P2,ai_team,R02,submission/r3_diag/model_compare.html,escalate,v1.0.0,Model sinh box ngoai reference o vung edge; lap lai cung M6 va can ai_team kiem tra tren mau lon hon
r3_diag,B3-center,adasind_212280.jpg,M6,M_only,SPURIOUS,E4_model_domain,P2,ai_team,R01,submission/r3_diag/model_compare.html,keep_with_reason,v1.0.0,Model sinh box ngoai reference o vung edge
